REGION	POS	REF	ALT	REF_DP	REF_RV	REF_QUAL	ALT_DP	ALT_RV	ALT_QUAL	ALT_FREQ	TOTAL_DP	PVAL	PASS	GFF_FEATURE	REF_CODON	REF_AA	ALT_CODON	ALT_AA
MN908947.3	13998	G	T	89	31	65	1	0	39	0.0111111	90	0.37037	FALSE	CDS:ENSSASP00005000002	TGT	C	TTT	F
MN908947.3	14018	G	T	113	42	63	1	0	20	0.00877193	114	0.610149	FALSE	CDS:ENSSASP00005000002	GTG	V	TTG	L
MN908947.3	14020	G	T	115	43	63	1	0	78	0.00862069	116	0.376623	FALSE	CDS:ENSSASP00005000002	GTG	V	GTT	V
MN908947.3	14035	G	A	117	48	68	1	1	48	0.00847458	118	0.357576	FALSE	CDS:ENSSASP00005000002	ATG	M	ATA	I
MN908947.3	14125	A	C	133	58	68	1	0	75	0.00746269	134	0.357333	FALSE	CDS:ENSSASP00005000002	GTA	V	GTC	V
MN908947.3	14172	A	T	123	52	69	1	1	76	0.00806452	124	0.355301	FALSE	CDS:ENSSASP00005000002	TAT	Y	TTT	F
MN908947.3	14190	T	G	102	48	69	1	0	75	0.00970874	103	0.356401	FALSE	CDS:ENSSASP00005000002	CTT	L	CGT	R
MN908947.3	14199	A	T	91	47	65	1	0	78	0.0108696	92	0.366534	FALSE	CDS:ENSSASP00005000002	CAG	Q	CTG	L
MN908947.3	17256	A	G	195	100	73	1	0	36	0.00510204	196	0.34087	FALSE	CDS:ENSSASP00005000002	TAG	*	TGG	W
MN908947.3	17340	A	G	163	94	68	1	0	77	0.00609756	164	0.358862	FALSE	CDS:ENSSASP00005000002	CAG	Q	CGG	R
MN908947.3	17344	A	G	164	98	66	1	1	52	0.00606061	165	0.364238	FALSE	CDS:ENSSASP00005000002	ATA	I	ATG	M
MN908947.3	17402	C	T	0	0	0	129	99	54	1	129	2.86605e-91	TRUE	CDS:ENSSASP00005000002	CCA	P	TCA	S
MN908947.3	27955	G	-T	29	14	70	2	0	20	0.037037	54	0.133391	FALSE	NA	NA	NA	NA	NA
MN908947.3	28449	A	-T	20	10	66	2	0	20	0.0540541	37	0.139746	FALSE	NA	NA	NA	NA	NA
MN908947.3	29270	T	C	10	7	68	1	0	77	0.0909091	11	0.366667	FALSE	CDS:ENSSASP00005000005	TAC	Y	CAC	H
