REGION	POS	REF	ALT	REF_DP	REF_RV	REF_QUAL	ALT_DP	ALT_RV	ALT_QUAL	ALT_FREQ	TOTAL_DP	PVAL	PASS	GFF_FEATURE	REF_CODON	REF_AA	ALT_CODON	ALT_AA
MN908947.3	29548	C	T	13	5	65	1	1	37	0.0714286	14	0.368421	FALSE	NA	NA	NA	NA	NA
MN908947.3	29634	A	G	26	8	66	1	0	20	0.037037	27	0.375	FALSE	CDS:ENSSASP00005000013	TAC	Y	TGC	C
MN908947.3	29644	A	G	27	7	65	1	1	26	0.0357143	28	0.373333	FALSE	CDS:ENSSASP00005000013	CAA	Q	CAG	Q
MN908947.3	29694	A	G	29	18	64	1	1	77	0.0333333	30	0.37037	FALSE	NA	NA	NA	NA	NA
MN908947.3	29785	T	A	0	0	0	19	15	52	1	19	7.09808e-13	TRUE	NA	NA	NA	NA	NA
