REGION	POS	REF	ALT	REF_DP	REF_RV	REF_QUAL	ALT_DP	ALT_RV	ALT_QUAL	ALT_FREQ	TOTAL_DP	PVAL	PASS	GFF_FEATURE	REF_CODON	REF_AA	ALT_CODON	ALT_AA
MN908947.3	5236	A	C	2241	1114	71	1	0	74	0.00044603	2242	0.340522	FALSE	CDS:ENSSASP00005000003	AAA	K	AAC	N
MN908947.3	5236	A	C	2241	1114	71	1	0	74	0.00044603	2242	0.340522	FALSE	CDS:ENSSASP00005000002	AAA	K	AAC	N
MN908947.3	5249	A	T	2239	1114	70	1	1	20	0.000446429	2240	1	FALSE	CDS:ENSSASP00005000003	AAT	N	TAT	Y
MN908947.3	5249	A	T	2239	1114	70	1	1	20	0.000446429	2240	1	FALSE	CDS:ENSSASP00005000002	AAT	N	TAT	Y
MN908947.3	6167	G	+T	11	7	58	2	0	20	0.111111	18	0.17931	FALSE	NA	NA	NA	NA	NA
MN908947.3	11668	C	A	29	18	71	1	0	74	0.0333333	30	0.340909	FALSE	CDS:ENSSASP00005000003	AAC	N	AAA	K
MN908947.3	11668	C	A	29	18	71	1	0	74	0.0333333	30	0.340909	FALSE	CDS:ENSSASP00005000002	AAC	N	AAA	K
